{
  "ABIRoot": {
    "kind": "Root",
    "name": "NativeblocksWandkit",
    "printedName": "NativeblocksWandkit",
    "children": [
      {
        "kind": "Import",
        "name": "Foundation",
        "printedName": "Foundation",
        "declKind": "Import",
        "moduleName": "NativeblocksWandkit"
      },
      {
        "kind": "Import",
        "name": "Nativeblocks",
        "printedName": "Nativeblocks",
        "declKind": "Import",
        "moduleName": "NativeblocksWandkit"
      },
      {
        "kind": "Import",
        "name": "UserNotifications",
        "printedName": "UserNotifications",
        "declKind": "Import",
        "moduleName": "NativeblocksWandkit"
      },
      {
        "kind": "TypeDecl",
        "name": "LiveKit",
        "printedName": "LiveKit",
        "children": [
          {
            "kind": "Constructor",
            "name": "init",
            "printedName": "init(screenSharing:screenShareExtention:keepScreenOn:autoConnect:)",
            "children": [
              {
                "kind": "TypeNominal",
                "name": "LiveKit",
                "printedName": "NativeblocksWandkit.LiveKit",
                "usr": "s:19NativeblocksWandkit7LiveKitV"
              },
              {
                "kind": "TypeNominal",
                "name": "Bool",
                "printedName": "Swift.Bool",
                "hasDefaultArg": true,
                "usr": "s:Sb"
              },
              {
                "kind": "TypeNominal",
                "name": "String",
                "printedName": "Swift.String",
                "hasDefaultArg": true,
                "usr": "s:SS"
              },
              {
                "kind": "TypeNominal",
                "name": "Bool",
                "printedName": "Swift.Bool",
                "hasDefaultArg": true,
                "usr": "s:Sb"
              },
              {
                "kind": "TypeNominal",
                "name": "Bool",
                "printedName": "Swift.Bool",
                "hasDefaultArg": true,
                "usr": "s:Sb"
              }
            ],
            "declKind": "Constructor",
            "usr": "s:19NativeblocksWandkit7LiveKitV13screenSharing0E14ShareExtention12keepScreenOn11autoConnectACSb_SSS2btcfc",
            "mangledName": "$s19NativeblocksWandkit7LiveKitV13screenSharing0E14ShareExtention12keepScreenOn11autoConnectACSb_SSS2btcfc",
            "moduleName": "NativeblocksWandkit",
            "declAttributes": [
              "AccessControl",
              "RawDocComment"
            ],
            "init_kind": "Designated"
          },
          {
            "kind": "Function",
            "name": "setup",
            "printedName": "setup(edition:)",
            "children": [
              {
                "kind": "TypeNominal",
                "name": "Void",
                "printedName": "()"
              },
              {
                "kind": "TypeNominal",
                "name": "NativeblocksEdition",
                "printedName": "Nativeblocks.NativeblocksEdition",
                "usr": "s:12Nativeblocks0A7EditionO"
              }
            ],
            "declKind": "Func",
            "usr": "s:19NativeblocksWandkit7LiveKitV5setup7editiony0A00A7EditionO_tF",
            "mangledName": "$s19NativeblocksWandkit7LiveKitV5setup7editiony0A00A7EditionO_tF",
            "moduleName": "NativeblocksWandkit",
            "declAttributes": [
              "AccessControl",
              "RawDocComment"
            ],
            "funcSelfKind": "NonMutating"
          },
          {
            "kind": "Function",
            "name": "destroy",
            "printedName": "destroy()",
            "children": [
              {
                "kind": "TypeNominal",
                "name": "Void",
                "printedName": "()"
              }
            ],
            "declKind": "Func",
            "usr": "s:19NativeblocksWandkit7LiveKitV7destroyyyF",
            "mangledName": "$s19NativeblocksWandkit7LiveKitV7destroyyyF",
            "moduleName": "NativeblocksWandkit",
            "declAttributes": [
              "AccessControl",
              "RawDocComment"
            ],
            "funcSelfKind": "NonMutating"
          }
        ],
        "declKind": "Struct",
        "usr": "s:19NativeblocksWandkit7LiveKitV",
        "mangledName": "$s19NativeblocksWandkit7LiveKitV",
        "moduleName": "NativeblocksWandkit",
        "declAttributes": [
          "AccessControl",
          "RawDocComment"
        ],
        "conformances": [
          {
            "kind": "Conformance",
            "name": "Copyable",
            "printedName": "Copyable",
            "usr": "s:s8CopyableP",
            "mangledName": "$ss8CopyableP"
          },
          {
            "kind": "Conformance",
            "name": "Escapable",
            "printedName": "Escapable",
            "usr": "s:s9EscapableP",
            "mangledName": "$ss9EscapableP"
          },
          {
            "kind": "Conformance",
            "name": "WandKit",
            "printedName": "WandKit",
            "usr": "s:12Nativeblocks7WandKitP",
            "mangledName": "$s12Nativeblocks7WandKitP"
          }
        ]
      },
      {
        "kind": "Import",
        "name": "AgoraReplayKitExtension",
        "printedName": "AgoraReplayKitExtension",
        "declKind": "Import",
        "moduleName": "NativeblocksWandkit"
      },
      {
        "kind": "Import",
        "name": "ReplayKit",
        "printedName": "ReplayKit",
        "declKind": "Import",
        "moduleName": "NativeblocksWandkit"
      },
      {
        "kind": "TypeDecl",
        "name": "LiveKitScreenSharingHandler",
        "printedName": "LiveKitScreenSharingHandler",
        "children": [
          {
            "kind": "Function",
            "name": "broadcastStarted",
            "printedName": "broadcastStarted(withSetupInfo:)",
            "children": [
              {
                "kind": "TypeNominal",
                "name": "Void",
                "printedName": "()"
              },
              {
                "kind": "TypeNominal",
                "name": "Optional",
                "printedName": "[Swift.String : ObjectiveC.NSObject]?",
                "children": [
                  {
                    "kind": "TypeNominal",
                    "name": "Dictionary",
                    "printedName": "[Swift.String : ObjectiveC.NSObject]",
                    "children": [
                      {
                        "kind": "TypeNominal",
                        "name": "String",
                        "printedName": "Swift.String",
                        "usr": "s:SS"
                      },
                      {
                        "kind": "TypeNominal",
                        "name": "NSObject",
                        "printedName": "ObjectiveC.NSObject",
                        "usr": "c:objc(cs)NSObject"
                      }
                    ],
                    "usr": "s:SD"
                  }
                ],
                "usr": "s:Sq"
              }
            ],
            "declKind": "Func",
            "usr": "c:@M@NativeblocksWandkit@objc(cs)LiveKitScreenSharingHandler(im)broadcastStartedWithSetupInfo:",
            "mangledName": "$s19NativeblocksWandkit27LiveKitScreenSharingHandlerC16broadcastStarted13withSetupInfoySDySSSo8NSObjectCGSg_tF",
            "moduleName": "NativeblocksWandkit",
            "overriding": true,
            "isOpen": true,
            "objc_name": "broadcastStartedWithSetupInfo:",
            "declAttributes": [
              "Dynamic",
              "ObjC",
              "Override",
              "AccessControl",
              "RawDocComment"
            ],
            "funcSelfKind": "NonMutating"
          },
          {
            "kind": "Constructor",
            "name": "init",
            "printedName": "init()",
            "children": [
              {
                "kind": "TypeNominal",
                "name": "LiveKitScreenSharingHandler",
                "printedName": "NativeblocksWandkit.LiveKitScreenSharingHandler",
                "usr": "c:@M@NativeblocksWandkit@objc(cs)LiveKitScreenSharingHandler"
              }
            ],
            "declKind": "Constructor",
            "usr": "c:@M@NativeblocksWandkit@objc(cs)LiveKitScreenSharingHandler(im)init",
            "mangledName": "$s19NativeblocksWandkit27LiveKitScreenSharingHandlerCACycfc",
            "moduleName": "NativeblocksWandkit",
            "overriding": true,
            "implicit": true,
            "objc_name": "init",
            "declAttributes": [
              "Dynamic",
              "ObjC",
              "Override"
            ],
            "init_kind": "Designated"
          }
        ],
        "declKind": "Class",
        "usr": "c:@M@NativeblocksWandkit@objc(cs)LiveKitScreenSharingHandler",
        "mangledName": "$s19NativeblocksWandkit27LiveKitScreenSharingHandlerC",
        "moduleName": "NativeblocksWandkit",
        "isOpen": true,
        "declAttributes": [
          "AccessControl",
          "RawDocComment",
          "ObjC"
        ],
        "superclassUsr": "c:objc(cs)AgoraReplayKitHandler",
        "inheritsConvenienceInitializers": true,
        "superclassNames": [
          "AgoraReplayKitExtension.AgoraReplayKitHandler",
          "ReplayKit.RPBroadcastSampleHandler",
          "ReplayKit.RPBroadcastHandler",
          "ObjectiveC.NSObject"
        ],
        "conformances": [
          {
            "kind": "Conformance",
            "name": "Copyable",
            "printedName": "Copyable",
            "usr": "s:s8CopyableP",
            "mangledName": "$ss8CopyableP"
          },
          {
            "kind": "Conformance",
            "name": "Escapable",
            "printedName": "Escapable",
            "usr": "s:s9EscapableP",
            "mangledName": "$ss9EscapableP"
          },
          {
            "kind": "Conformance",
            "name": "Equatable",
            "printedName": "Equatable",
            "usr": "s:SQ",
            "mangledName": "$sSQ"
          },
          {
            "kind": "Conformance",
            "name": "Hashable",
            "printedName": "Hashable",
            "usr": "s:SH",
            "mangledName": "$sSH"
          },
          {
            "kind": "Conformance",
            "name": "CVarArg",
            "printedName": "CVarArg",
            "usr": "s:s7CVarArgP",
            "mangledName": "$ss7CVarArgP"
          },
          {
            "kind": "Conformance",
            "name": "_KeyValueCodingAndObservingPublishing",
            "printedName": "_KeyValueCodingAndObservingPublishing",
            "usr": "s:10Foundation37_KeyValueCodingAndObservingPublishingP",
            "mangledName": "$s10Foundation37_KeyValueCodingAndObservingPublishingP"
          },
          {
            "kind": "Conformance",
            "name": "_KeyValueCodingAndObserving",
            "printedName": "_KeyValueCodingAndObserving",
            "usr": "s:10Foundation27_KeyValueCodingAndObservingP",
            "mangledName": "$s10Foundation27_KeyValueCodingAndObservingP"
          },
          {
            "kind": "Conformance",
            "name": "CustomStringConvertible",
            "printedName": "CustomStringConvertible",
            "usr": "s:s23CustomStringConvertibleP",
            "mangledName": "$ss23CustomStringConvertibleP"
          },
          {
            "kind": "Conformance",
            "name": "CustomDebugStringConvertible",
            "printedName": "CustomDebugStringConvertible",
            "usr": "s:s28CustomDebugStringConvertibleP",
            "mangledName": "$ss28CustomDebugStringConvertibleP"
          }
        ]
      },
      {
        "kind": "Import",
        "name": "Foundation",
        "printedName": "Foundation",
        "declKind": "Import",
        "moduleName": "NativeblocksWandkit"
      },
      {
        "kind": "Import",
        "name": "Combine",
        "printedName": "Combine",
        "declKind": "Import",
        "moduleName": "NativeblocksWandkit"
      },
      {
        "kind": "Import",
        "name": "Foundation",
        "printedName": "Foundation",
        "declKind": "Import",
        "moduleName": "NativeblocksWandkit"
      },
      {
        "kind": "Import",
        "name": "Foundation",
        "printedName": "Foundation",
        "declKind": "Import",
        "moduleName": "NativeblocksWandkit"
      },
      {
        "kind": "Import",
        "name": "Foundation",
        "printedName": "Foundation",
        "declKind": "Import",
        "moduleName": "NativeblocksWandkit"
      },
      {
        "kind": "Import",
        "name": "Combine",
        "printedName": "Combine",
        "declKind": "Import",
        "moduleName": "NativeblocksWandkit"
      },
      {
        "kind": "Import",
        "name": "Combine",
        "printedName": "Combine",
        "declKind": "Import",
        "moduleName": "NativeblocksWandkit"
      },
      {
        "kind": "Import",
        "name": "SwiftUI",
        "printedName": "SwiftUI",
        "declKind": "Import",
        "moduleName": "NativeblocksWandkit"
      },
      {
        "kind": "Import",
        "name": "Combine",
        "printedName": "Combine",
        "declKind": "Import",
        "moduleName": "NativeblocksWandkit"
      },
      {
        "kind": "Import",
        "name": "Foundation",
        "printedName": "Foundation",
        "declKind": "Import",
        "moduleName": "NativeblocksWandkit"
      },
      {
        "kind": "Import",
        "name": "SwiftUI",
        "printedName": "SwiftUI",
        "declKind": "Import",
        "moduleName": "NativeblocksWandkit"
      },
      {
        "kind": "Import",
        "name": "AVFoundation",
        "printedName": "AVFoundation",
        "declKind": "Import",
        "moduleName": "NativeblocksWandkit"
      },
      {
        "kind": "Import",
        "name": "Combine",
        "printedName": "Combine",
        "declKind": "Import",
        "moduleName": "NativeblocksWandkit"
      },
      {
        "kind": "Import",
        "name": "SwiftUI",
        "printedName": "SwiftUI",
        "declKind": "Import",
        "moduleName": "NativeblocksWandkit"
      },
      {
        "kind": "Import",
        "name": "AVFoundation",
        "printedName": "AVFoundation",
        "declKind": "Import",
        "moduleName": "NativeblocksWandkit"
      },
      {
        "kind": "Import",
        "name": "SwiftUI",
        "printedName": "SwiftUI",
        "declKind": "Import",
        "moduleName": "NativeblocksWandkit"
      },
      {
        "kind": "Import",
        "name": "Combine",
        "printedName": "Combine",
        "declKind": "Import",
        "moduleName": "NativeblocksWandkit"
      },
      {
        "kind": "Import",
        "name": "Foundation",
        "printedName": "Foundation",
        "declKind": "Import",
        "moduleName": "NativeblocksWandkit"
      },
      {
        "kind": "Import",
        "name": "Foundation",
        "printedName": "Foundation",
        "declKind": "Import",
        "moduleName": "NativeblocksWandkit"
      },
      {
        "kind": "Import",
        "name": "AgoraRtcKit",
        "printedName": "AgoraRtcKit",
        "declKind": "Import",
        "moduleName": "NativeblocksWandkit"
      },
      {
        "kind": "Import",
        "name": "Foundation",
        "printedName": "Foundation",
        "declKind": "Import",
        "moduleName": "NativeblocksWandkit"
      },
      {
        "kind": "Import",
        "name": "ReplayKit",
        "printedName": "ReplayKit",
        "declKind": "Import",
        "moduleName": "NativeblocksWandkit"
      },
      {
        "kind": "Import",
        "name": "Foundation",
        "printedName": "Foundation",
        "declKind": "Import",
        "moduleName": "NativeblocksWandkit"
      },
      {
        "kind": "Import",
        "name": "Combine",
        "printedName": "Combine",
        "declKind": "Import",
        "moduleName": "NativeblocksWandkit"
      },
      {
        "kind": "Import",
        "name": "Foundation",
        "printedName": "Foundation",
        "declKind": "Import",
        "moduleName": "NativeblocksWandkit"
      },
      {
        "kind": "Import",
        "name": "Foundation",
        "printedName": "Foundation",
        "declKind": "Import",
        "moduleName": "NativeblocksWandkit"
      },
      {
        "kind": "Import",
        "name": "Combine",
        "printedName": "Combine",
        "declKind": "Import",
        "moduleName": "NativeblocksWandkit"
      },
      {
        "kind": "Import",
        "name": "Combine",
        "printedName": "Combine",
        "declKind": "Import",
        "moduleName": "NativeblocksWandkit"
      },
      {
        "kind": "Import",
        "name": "Foundation",
        "printedName": "Foundation",
        "declKind": "Import",
        "moduleName": "NativeblocksWandkit"
      },
      {
        "kind": "Import",
        "name": "UserNotifications",
        "printedName": "UserNotifications",
        "declKind": "Import",
        "moduleName": "NativeblocksWandkit"
      },
      {
        "kind": "Import",
        "name": "Combine",
        "printedName": "Combine",
        "declKind": "Import",
        "moduleName": "NativeblocksWandkit"
      },
      {
        "kind": "Import",
        "name": "Foundation",
        "printedName": "Foundation",
        "declKind": "Import",
        "moduleName": "NativeblocksWandkit"
      },
      {
        "kind": "Import",
        "name": "Nativeblocks",
        "printedName": "Nativeblocks",
        "declKind": "Import",
        "moduleName": "NativeblocksWandkit"
      },
      {
        "kind": "Import",
        "name": "ReplayKit",
        "printedName": "ReplayKit",
        "declKind": "Import",
        "moduleName": "NativeblocksWandkit"
      },
      {
        "kind": "Import",
        "name": "UIKit",
        "printedName": "UIKit",
        "declKind": "Import",
        "moduleName": "NativeblocksWandkit"
      },
      {
        "kind": "Import",
        "name": "Combine",
        "printedName": "Combine",
        "declKind": "Import",
        "moduleName": "NativeblocksWandkit"
      },
      {
        "kind": "Import",
        "name": "Foundation",
        "printedName": "Foundation",
        "declKind": "Import",
        "moduleName": "NativeblocksWandkit"
      },
      {
        "kind": "Import",
        "name": "Foundation",
        "printedName": "Foundation",
        "declKind": "Import",
        "moduleName": "NativeblocksWandkit"
      },
      {
        "kind": "Import",
        "name": "UIKit",
        "printedName": "UIKit",
        "declKind": "Import",
        "moduleName": "NativeblocksWandkit"
      },
      {
        "kind": "Import",
        "name": "UIKit",
        "printedName": "UIKit",
        "declKind": "Import",
        "moduleName": "NativeblocksWandkit"
      },
      {
        "kind": "Import",
        "name": "Foundation",
        "printedName": "Foundation",
        "declKind": "Import",
        "moduleName": "NativeblocksWandkit"
      },
      {
        "kind": "Import",
        "name": "Foundation",
        "printedName": "Foundation",
        "declKind": "Import",
        "moduleName": "NativeblocksWandkit"
      },
      {
        "kind": "Import",
        "name": "UIKit",
        "printedName": "UIKit",
        "declKind": "Import",
        "moduleName": "NativeblocksWandkit"
      },
      {
        "kind": "Import",
        "name": "UIKit",
        "printedName": "UIKit",
        "declKind": "Import",
        "moduleName": "NativeblocksWandkit"
      },
      {
        "kind": "Import",
        "name": "Foundation",
        "printedName": "Foundation",
        "declKind": "Import",
        "moduleName": "NativeblocksWandkit"
      },
      {
        "kind": "Import",
        "name": "UIKit",
        "printedName": "UIKit",
        "declKind": "Import",
        "moduleName": "NativeblocksWandkit"
      },
      {
        "kind": "Import",
        "name": "Foundation",
        "printedName": "Foundation",
        "declKind": "Import",
        "moduleName": "NativeblocksWandkit"
      }
    ],
    "json_format_version": 8
  },
  "ConstValues": [
    {
      "filePath": "\/Users\/alireza\/Development\/nativeblocks\/ios\/NativeblocksWandkit\/NativeblocksWandkit\/api\/LiveKit.swift",
      "kind": "BooleanLiteral",
      "offset": 1308,
      "length": 5,
      "value": "false"
    },
    {
      "filePath": "\/Users\/alireza\/Development\/nativeblocks\/ios\/NativeblocksWandkit\/NativeblocksWandkit\/api\/LiveKit.swift",
      "kind": "StringLiteral",
      "offset": 1346,
      "length": 2,
      "value": "\"\""
    },
    {
      "filePath": "\/Users\/alireza\/Development\/nativeblocks\/ios\/NativeblocksWandkit\/NativeblocksWandkit\/api\/LiveKit.swift",
      "kind": "BooleanLiteral",
      "offset": 1371,
      "length": 4,
      "value": "true"
    },
    {
      "filePath": "\/Users\/alireza\/Development\/nativeblocks\/ios\/NativeblocksWandkit\/NativeblocksWandkit\/api\/LiveKit.swift",
      "kind": "BooleanLiteral",
      "offset": 1397,
      "length": 4,
      "value": "true"
    },
    {
      "filePath": "\/Users\/alireza\/Development\/nativeblocks\/ios\/NativeblocksWandkit\/NativeblocksWandkit\/feature\/auth\/data\/AuthRepositoryImpl.swift",
      "kind": "StringLiteral",
      "offset": 150,
      "length": 16,
      "value": "\"AuthRepository\""
    },
    {
      "filePath": "\/Users\/alireza\/Development\/nativeblocks\/ios\/NativeblocksWandkit\/NativeblocksWandkit\/feature\/auth\/presenter\/AuthUIState.swift",
      "kind": "BooleanLiteral",
      "offset": 60,
      "length": 5,
      "value": "false"
    },
    {
      "filePath": "\/Users\/alireza\/Development\/nativeblocks\/ios\/NativeblocksWandkit\/NativeblocksWandkit\/feature\/auth\/presenter\/AuthUIState.swift",
      "kind": "BooleanLiteral",
      "offset": 93,
      "length": 5,
      "value": "false"
    },
    {
      "filePath": "\/Users\/alireza\/Development\/nativeblocks\/ios\/NativeblocksWandkit\/NativeblocksWandkit\/feature\/auth\/presenter\/AuthViewModel.swift",
      "kind": "StringLiteral",
      "offset": 175,
      "length": 15,
      "value": "\"AuthViewModel\""
    },
    {
      "filePath": "\/Users\/alireza\/Development\/nativeblocks\/ios\/NativeblocksWandkit\/NativeblocksWandkit\/feature\/live\/data\/source\/socket\/SocketClient.swift",
      "kind": "StringLiteral",
      "offset": 123,
      "length": 14,
      "value": "\"SocketClient\""
    },
    {
      "filePath": "\/Users\/alireza\/Development\/nativeblocks\/ios\/NativeblocksWandkit\/NativeblocksWandkit\/feature\/live\/data\/source\/socket\/SocketClient.swift",
      "kind": "FloatLiteral",
      "offset": 281,
      "length": 3,
      "value": "5.0"
    },
    {
      "filePath": "\/Users\/alireza\/Development\/nativeblocks\/ios\/NativeblocksWandkit\/NativeblocksWandkit\/feature\/live\/data\/source\/socket\/SocketClient.swift",
      "kind": "FloatLiteral",
      "offset": 327,
      "length": 4,
      "value": "10.0"
    },
    {
      "filePath": "\/Users\/alireza\/Development\/nativeblocks\/ios\/NativeblocksWandkit\/NativeblocksWandkit\/feature\/live\/data\/source\/socket\/SocketClient.swift",
      "kind": "StringLiteral",
      "offset": 540,
      "length": 2,
      "value": "\"\""
    },
    {
      "filePath": "\/Users\/alireza\/Development\/nativeblocks\/ios\/NativeblocksWandkit\/NativeblocksWandkit\/feature\/live\/data\/source\/socket\/SocketClient.swift",
      "kind": "BooleanLiteral",
      "offset": 573,
      "length": 4,
      "value": "true"
    },
    {
      "filePath": "\/Users\/alireza\/Development\/nativeblocks\/ios\/NativeblocksWandkit\/NativeblocksWandkit\/feature\/live\/data\/source\/streaming\/StreamingRtcEngineAgoraImpl.swift",
      "kind": "StringLiteral",
      "offset": 199,
      "length": 20,
      "value": "\"StreamingRtcEngine\""
    },
    {
      "filePath": "\/Users\/alireza\/Development\/nativeblocks\/ios\/NativeblocksWandkit\/NativeblocksWandkit\/feature\/live\/data\/source\/streaming\/StreamingRtcEngineAgoraImpl.swift",
      "kind": "BooleanLiteral",
      "offset": 522,
      "length": 4,
      "value": "true"
    },
    {
      "filePath": "\/Users\/alireza\/Development\/nativeblocks\/ios\/NativeblocksWandkit\/NativeblocksWandkit\/feature\/live\/data\/source\/streaming\/StreamingRtcEngineAgoraImpl.swift",
      "kind": "BooleanLiteral",
      "offset": 561,
      "length": 5,
      "value": "false"
    },
    {
      "filePath": "\/Users\/alireza\/Development\/nativeblocks\/ios\/NativeblocksWandkit\/NativeblocksWandkit\/feature\/live\/data\/source\/streaming\/StreamingRtcEngineAgoraImpl.swift",
      "kind": "BooleanLiteral",
      "offset": 1108,
      "length": 4,
      "value": "true"
    },
    {
      "filePath": "\/Users\/alireza\/Development\/nativeblocks\/ios\/NativeblocksWandkit\/NativeblocksWandkit\/feature\/live\/data\/source\/streaming\/StreamingRtcEngineAgoraImpl.swift",
      "kind": "BooleanLiteral",
      "offset": 1153,
      "length": 5,
      "value": "false"
    },
    {
      "filePath": "\/Users\/alireza\/Development\/nativeblocks\/ios\/NativeblocksWandkit\/NativeblocksWandkit\/feature\/live\/data\/source\/streaming\/StreamingRtcEngineAgoraImpl.swift",
      "kind": "BooleanLiteral",
      "offset": 1203,
      "length": 5,
      "value": "false"
    },
    {
      "filePath": "\/Users\/alireza\/Development\/nativeblocks\/ios\/NativeblocksWandkit\/NativeblocksWandkit\/feature\/live\/data\/LiveRepositoryImpl.swift",
      "kind": "StringLiteral",
      "offset": 116,
      "length": 16,
      "value": "\"LiveRepository\""
    },
    {
      "filePath": "\/Users\/alireza\/Development\/nativeblocks\/ios\/NativeblocksWandkit\/NativeblocksWandkit\/feature\/live\/data\/LiveRepositoryImpl.swift",
      "kind": "StringLiteral",
      "offset": 523,
      "length": 2,
      "value": "\"\""
    },
    {
      "filePath": "\/Users\/alireza\/Development\/nativeblocks\/ios\/NativeblocksWandkit\/NativeblocksWandkit\/feature\/live\/data\/LiveRepositoryImpl.swift",
      "kind": "StringLiteral",
      "offset": 569,
      "length": 2,
      "value": "\"\""
    },
    {
      "filePath": "\/Users\/alireza\/Development\/nativeblocks\/ios\/NativeblocksWandkit\/NativeblocksWandkit\/feature\/live\/data\/LiveRepositoryImpl.swift",
      "kind": "StringLiteral",
      "offset": 610,
      "length": 2,
      "value": "\"\""
    },
    {
      "filePath": "\/Users\/alireza\/Development\/nativeblocks\/ios\/NativeblocksWandkit\/NativeblocksWandkit\/feature\/live\/data\/LiveRepositoryImpl.swift",
      "kind": "StringLiteral",
      "offset": 1558,
      "length": 8,
      "value": "\"studio\""
    },
    {
      "filePath": "\/Users\/alireza\/Development\/nativeblocks\/ios\/NativeblocksWandkit\/NativeblocksWandkit\/feature\/live\/data\/SignalingModel.swift",
      "kind": "StringLiteral",
      "offset": 72,
      "length": 10,
      "value": "\"Register\""
    },
    {
      "filePath": "\/Users\/alireza\/Development\/nativeblocks\/ios\/NativeblocksWandkit\/NativeblocksWandkit\/feature\/live\/data\/SignalingModel.swift",
      "kind": "StringLiteral",
      "offset": 107,
      "length": 14,
      "value": "\"StartSession\""
    },
    {
      "filePath": "\/Users\/alireza\/Development\/nativeblocks\/ios\/NativeblocksWandkit\/NativeblocksWandkit\/feature\/live\/data\/SignalingModel.swift",
      "kind": "StringLiteral",
      "offset": 147,
      "length": 15,
      "value": "\"UpdateSession\""
    },
    {
      "filePath": "\/Users\/alireza\/Development\/nativeblocks\/ios\/NativeblocksWandkit\/NativeblocksWandkit\/feature\/live\/data\/SignalingModel.swift",
      "kind": "StringLiteral",
      "offset": 185,
      "length": 12,
      "value": "\"EndSession\""
    },
    {
      "filePath": "\/Users\/alireza\/Development\/nativeblocks\/ios\/NativeblocksWandkit\/NativeblocksWandkit\/feature\/live\/data\/SignalingModel.swift",
      "kind": "StringLiteral",
      "offset": 219,
      "length": 11,
      "value": "\"HotReload\""
    },
    {
      "filePath": "\/Users\/alireza\/Development\/nativeblocks\/ios\/NativeblocksWandkit\/NativeblocksWandkit\/feature\/live\/data\/SignalingModel.swift",
      "kind": "StringLiteral",
      "offset": 300,
      "length": 5,
      "value": "\"SDK\""
    },
    {
      "filePath": "\/Users\/alireza\/Development\/nativeblocks\/ios\/NativeblocksWandkit\/NativeblocksWandkit\/feature\/live\/data\/SignalingModel.swift",
      "kind": "StringLiteral",
      "offset": 324,
      "length": 8,
      "value": "\"Studio\""
    },
    {
      "filePath": "\/Users\/alireza\/Development\/nativeblocks\/ios\/NativeblocksWandkit\/NativeblocksWandkit\/feature\/live\/di\/LiveModule.swift",
      "kind": "StringLiteral",
      "offset": 99,
      "length": 41,
      "value": "\"io.nativeblocks.wandkit.livemodule.lock\""
    },
    {
      "filePath": "\/Users\/alireza\/Development\/nativeblocks\/ios\/NativeblocksWandkit\/NativeblocksWandkit\/feature\/live\/presenter\/LiveService.swift",
      "kind": "StringLiteral",
      "offset": 203,
      "length": 13,
      "value": "\"LiveService\""
    },
    {
      "filePath": "\/Users\/alireza\/Development\/nativeblocks\/ios\/NativeblocksWandkit\/NativeblocksWandkit\/feature\/live\/presenter\/LiveState.swift",
      "kind": "StringLiteral",
      "offset": 233,
      "length": 6,
      "value": "\"NONE\""
    },
    {
      "filePath": "\/Users\/alireza\/Development\/nativeblocks\/ios\/NativeblocksWandkit\/NativeblocksWandkit\/feature\/live\/presenter\/LiveState.swift",
      "kind": "StringLiteral",
      "offset": 259,
      "length": 9,
      "value": "\"CONNECT\""
    },
    {
      "filePath": "\/Users\/alireza\/Development\/nativeblocks\/ios\/NativeblocksWandkit\/NativeblocksWandkit\/feature\/live\/presenter\/LiveState.swift",
      "kind": "StringLiteral",
      "offset": 291,
      "length": 12,
      "value": "\"CONNECTING\""
    },
    {
      "filePath": "\/Users\/alireza\/Development\/nativeblocks\/ios\/NativeblocksWandkit\/NativeblocksWandkit\/feature\/live\/presenter\/LiveState.swift",
      "kind": "StringLiteral",
      "offset": 326,
      "length": 13,
      "value": "\"NOT_CONNECT\""
    },
    {
      "filePath": "\/Users\/alireza\/Development\/nativeblocks\/ios\/NativeblocksWandkit\/NativeblocksWandkit\/feature\/live\/presenter\/LiveState.swift",
      "kind": "StringLiteral",
      "offset": 363,
      "length": 14,
      "value": "\"AUTH_REQUIRE\""
    },
    {
      "filePath": "\/Users\/alireza\/Development\/nativeblocks\/ios\/NativeblocksWandkit\/NativeblocksWandkit\/feature\/live\/presenter\/LiveState.swift",
      "kind": "StringLiteral",
      "offset": 522,
      "length": 6,
      "value": "\"AUTH\""
    },
    {
      "filePath": "\/Users\/alireza\/Development\/nativeblocks\/ios\/NativeblocksWandkit\/NativeblocksWandkit\/feature\/live\/presenter\/LiveState.swift",
      "kind": "StringLiteral",
      "offset": 546,
      "length": 7,
      "value": "\"START\""
    },
    {
      "filePath": "\/Users\/alireza\/Development\/nativeblocks\/ios\/NativeblocksWandkit\/NativeblocksWandkit\/feature\/live\/presenter\/LiveState.swift",
      "kind": "StringLiteral",
      "offset": 573,
      "length": 9,
      "value": "\"CONNECT\""
    },
    {
      "filePath": "\/Users\/alireza\/Development\/nativeblocks\/ios\/NativeblocksWandkit\/NativeblocksWandkit\/feature\/live\/presenter\/LiveState.swift",
      "kind": "StringLiteral",
      "offset": 605,
      "length": 12,
      "value": "\"DISCONNECT\""
    },
    {
      "filePath": "\/Users\/alireza\/Development\/nativeblocks\/ios\/NativeblocksWandkit\/NativeblocksWandkit\/feature\/live\/presenter\/LiveState.swift",
      "kind": "StringLiteral",
      "offset": 634,
      "length": 6,
      "value": "\"STOP\""
    },
    {
      "filePath": "\/Users\/alireza\/Development\/nativeblocks\/ios\/NativeblocksWandkit\/NativeblocksWandkit\/feature\/live\/presenter\/LiveState.swift",
      "kind": "StringLiteral",
      "offset": 672,
      "length": 22,
      "value": "\"NOTIFICATION_DELETED\""
    },
    {
      "filePath": "\/Users\/alireza\/Development\/nativeblocks\/ios\/NativeblocksWandkit\/NativeblocksWandkit\/feature\/live\/presenter\/LiveViewModel.swift",
      "kind": "Array",
      "offset": 348,
      "length": 2,
      "value": "[]"
    },
    {
      "filePath": "\/Users\/alireza\/Development\/nativeblocks\/ios\/NativeblocksWandkit\/NativeblocksWandkit\/feature\/live\/presenter\/ScreenSharingAlert.swift",
      "kind": "StringLiteral",
      "offset": 96,
      "length": 20,
      "value": "\"ScreenSharingAlert\""
    },
    {
      "filePath": "\/Users\/alireza\/Development\/nativeblocks\/ios\/NativeblocksWandkit\/NativeblocksWandkit\/util\/cache\/LocalCacheProvider.swift",
      "kind": "Dictionary",
      "offset": 216,
      "length": 3,
      "value": "[]"
    },
    {
      "filePath": "\/Users\/alireza\/Development\/nativeblocks\/ios\/NativeblocksWandkit\/NativeblocksWandkit\/util\/cache\/LocalCacheProvider.swift",
      "kind": "StringLiteral",
      "offset": 274,
      "length": 2,
      "value": "\"\""
    },
    {
      "filePath": "\/Users\/alireza\/Development\/nativeblocks\/ios\/NativeblocksWandkit\/NativeblocksWandkit\/util\/OrientationUtils.swift",
      "kind": "StringLiteral",
      "offset": 77,
      "length": 27,
      "value": "\"OrientationChangeListener\""
    },
    {
      "filePath": "\/Users\/alireza\/Development\/nativeblocks\/ios\/NativeblocksWandkit\/NativeblocksWandkit\/util\/WandLog.swift",
      "kind": "BooleanLiteral",
      "offset": 83,
      "length": 5,
      "value": "false"
    },
    {
      "filePath": "\/Users\/alireza\/Development\/nativeblocks\/ios\/NativeblocksWandkit\/NativeblocksWandkit\/util\/WandResource.swift",
      "kind": "StringLiteral",
      "offset": 97,
      "length": 16,
      "value": "\"Screen Sharing\""
    },
    {
      "filePath": "\/Users\/alireza\/Development\/nativeblocks\/ios\/NativeblocksWandkit\/NativeblocksWandkit\/util\/WandResource.swift",
      "kind": "StringLiteral",
      "offset": 161,
      "length": 41,
      "value": "\"Would you like to start screen sharing?\""
    },
    {
      "filePath": "\/Users\/alireza\/Development\/nativeblocks\/ios\/NativeblocksWandkit\/NativeblocksWandkit\/util\/WandResource.swift",
      "kind": "StringLiteral",
      "offset": 249,
      "length": 8,
      "value": "\"Cancel\""
    },
    {
      "filePath": "\/Users\/alireza\/Development\/nativeblocks\/ios\/NativeblocksWandkit\/NativeblocksWandkit\/util\/WandResource.swift",
      "kind": "StringLiteral",
      "offset": 293,
      "length": 14,
      "value": "\"Nativeblocks\""
    },
    {
      "filePath": "\/Users\/alireza\/Development\/nativeblocks\/ios\/NativeblocksWandkit\/NativeblocksWandkit\/util\/WandResource.swift",
      "kind": "StringLiteral",
      "offset": 362,
      "length": 27,
      "value": "\"Tap to auth for live kit.\""
    },
    {
      "filePath": "\/Users\/alireza\/Development\/nativeblocks\/ios\/NativeblocksWandkit\/NativeblocksWandkit\/util\/WandResource.swift",
      "kind": "StringLiteral",
      "offset": 450,
      "length": 29,
      "value": "\"Tap to disconnect live kit.\""
    },
    {
      "filePath": "\/Users\/alireza\/Development\/nativeblocks\/ios\/NativeblocksWandkit\/NativeblocksWandkit\/util\/WandResource.swift",
      "kind": "StringLiteral",
      "offset": 535,
      "length": 24,
      "value": "\"Tap to start live kit.\""
    },
    {
      "filePath": "\/Users\/alireza\/Development\/nativeblocks\/ios\/NativeblocksWandkit\/NativeblocksWandkit\/util\/WandResource.swift",
      "kind": "StringLiteral",
      "offset": 615,
      "length": 15,
      "value": "\"Connecting...\""
    },
    {
      "filePath": "\/Users\/alireza\/Development\/nativeblocks\/ios\/NativeblocksWandkit\/NativeblocksWandkit\/util\/WandResource.swift",
      "kind": "StringLiteral",
      "offset": 680,
      "length": 6,
      "value": "\"Auth\""
    },
    {
      "filePath": "\/Users\/alireza\/Development\/nativeblocks\/ios\/NativeblocksWandkit\/NativeblocksWandkit\/util\/WandResource.swift",
      "kind": "StringLiteral",
      "offset": 739,
      "length": 9,
      "value": "\"Connect\""
    },
    {
      "filePath": "\/Users\/alireza\/Development\/nativeblocks\/ios\/NativeblocksWandkit\/NativeblocksWandkit\/util\/WandResource.swift",
      "kind": "StringLiteral",
      "offset": 804,
      "length": 12,
      "value": "\"Disconnect\""
    },
    {
      "filePath": "\/Users\/alireza\/Development\/nativeblocks\/ios\/NativeblocksWandkit\/NativeblocksWandkit\/util\/WandResource.swift",
      "kind": "StringLiteral",
      "offset": 866,
      "length": 6,
      "value": "\"Stop\""
    },
    {
      "filePath": "\/Users\/alireza\/Development\/nativeblocks\/ios\/NativeblocksWandkit\/NativeblocksWandkit\/util\/WandResource.swift",
      "kind": "StringLiteral",
      "offset": 925,
      "length": 9,
      "value": "\"Dismiss\""
    },
    {
      "filePath": "\/Users\/alireza\/Development\/nativeblocks\/ios\/NativeblocksWandkit\/NativeblocksWandkit\/util\/WandResource.swift",
      "kind": "StringLiteral",
      "offset": 980,
      "length": 14,
      "value": "\"Notification\""
    },
    {
      "filePath": "\/Users\/alireza\/Development\/nativeblocks\/ios\/NativeblocksWandkit\/NativeblocksWandkit\/util\/WandResource.swift",
      "kind": "StringLiteral",
      "offset": 1038,
      "length": 14,
      "value": "\"Get started!\""
    },
    {
      "filePath": "\/Users\/alireza\/Development\/nativeblocks\/ios\/NativeblocksWandkit\/NativeblocksWandkit\/util\/WandResource.swift",
      "kind": "StringLiteral",
      "offset": 1105,
      "length": 83,
      "value": "\"Camera access is required to scan QR codes for web login. Please grant permission\""
    },
    {
      "filePath": "\/Users\/alireza\/Development\/nativeblocks\/ios\/NativeblocksWandkit\/NativeblocksWandkit\/util\/WandResource.swift",
      "kind": "StringLiteral",
      "offset": 1239,
      "length": 22,
      "value": "\"Enable camera access\""
    },
    {
      "filePath": "\/Users\/alireza\/Development\/nativeblocks\/ios\/NativeblocksWandkit\/NativeblocksWandkit\/util\/WandResource.swift",
      "kind": "StringLiteral",
      "offset": 1307,
      "length": 16,
      "value": "\"Start scanning\""
    }
  ]
}